2d452212ebb24c30a773f217e4fdf90332b3511b0affb2a02c499c8b4dd74621	4503d4d59a546accc9dbfe3964a4bd312822b3736e325a8b4c10baccca8faa8a	.gitignore
1126b2e19184299cbfc611dcf66e46d0fd1a7bfa1d616f2ed38bc60ba19679ae	625e2bebb4fd7471c3069bf656ecddc705e19ad3d2776064bf061fed2d57cf8b	diffsynth/core/attention/attention.py
5edc96aa7e96b17b394706bff9ede0a018b527f04a3712e02453209688f66122	1cc735029aecb744868f4583c394d201b806beb86f7ccf332870125dff205cbd	diffsynth/core/device/__init__.py
8bfbacafaa54b11a2ba1954d6c9424c4a4cca24e8eefd7b119a95fbc2e4795d6	3b3d214f82814ac5c77dafe22162668ddb71c39621f9336bc11167df04425d14	diffsynth/core/device/npu_compatible_device.py
ddf12c6867cc433d4e8de7bd7530c582079dbcd72afc5137fc568e1fad836697	3199859cc188070ac440fd5dfb925d2b13af7f8c24b2930b4d8d06f8237dddc1	diffsynth/core/offload_training/manager.py
3b96f2461e6d65c206aef89fa5e6526a9fd71d983cdba07a6e3e78c731b5744f	189c99aca20a86fc8c5bce9a8cb6e917d0945fb54250372ce78fe3fa1f8938e3	diffsynth/core/offload_training/memory_buffer.py
6c58727cd579dd359eecd918ac67cad887e91ab9556abff8a5882e8205ea2cdb	d02f459327d71d6574ab3c4c316d139974b48be84129904a43b60c4766f20248	diffsynth/models/wan_video_dit.py
3553d248f3e21e2b43e1837da9f7f82eb9bb3c8703864a0bb0661a88a36728ca	2af03f5af892d5aafcd8e321dce877479bcc3092d8033cf8d76441e3f107081f	diffsynth/pipelines/wan_video.py
5190d830db778a62eb7a32d4e41b3152e743e24e107c71ef4179ad97e71fcdb2	e0abd21a45bb93b27083436892258a4549c4f39f2404220eefa9a329d8eb71e9	examples/wanvideo/README.md
251098fbfcf97339d8de368bd62c974624df380a55b4eeda132e266070b424bb	372d348dca17bffc79003fced95297ded421bf9c904d9f905afa403d55d4e071	examples/wanvideo/model_inference/Wan2.2-TI2V-5B.py
78b9842b056afd57823e4a1b70975812e42e0817d245ab2e9290070108344a7b	dacfee341bf9728781f201b0c7ba4254eeb31b390ed0b258434b4c36c7aab3a0	examples/wanvideo/model_training/validate_lora/Wan2.2-TI2V-5B.py
